,MSFT,AAPL,ORCL,IBM
KPSS-Test,0.01,0.01,0.01,0.01
ADF-Test,0.583936159,0.515242607,0.61928431,0.238844554
