,MSFT,AAPL,ORCL,IBM
KPSS-Test,0.01,0.01,0.01,0.01
ADF-Test,0.99,0.99,0.094964384,0.641330274
