"","MSFT","AAPL","ORCL","IBM"
"KPSS-Test",0.01,0.01,0.01,0.01
"ADF-Test",0.377768124632847,0.180760498509943,0.0133756745983919,0.80954894709279
